[
  {
    "name": "11111311 畜牧場汙水處理系統水質監控",
    "start_date": "2022-08-01",
    "end_date": "2025-06-30",
    "categories": {
      "人事費": 0.0,
      "業務費": 2679.0,
      "行政管理費": 0.0,
      "雜支費": 4562.0,
      "設備費": 0.0,
      "國外差旅費": 0.0,
      "國內旅費": 0.0,
      "資本門": 0.0,
      "經常門": 0.0
    }
  },
  {
    "name": "1132404 智慧農業創新平台: 以多重精準檢測晶片與AI為基礎的跨領域整合研究",
    "start_date": "2024-07-01",
    "end_date": "2025-06-30",
    "categories": {
      "人事費": 0.0,
      "業務費": 886992.0,
      "行政管理費": 133008.0,
      "雜支費": 0.0,
      "設備費": 0.0,
      "國外差旅費": 0.0,
      "國內旅費": 0.0,
      "資本門": 0.0,
      "經常門": 0.0
    }
  },
  {
    "name": "11411143 透過公豬睪丸超音波之影像預測精液性狀",
    "start_date": "2024-04-01",
    "end_date": "2026-03-31",
    "categories": {
      "人事費": 168000.0,
      "業務費": 97000.0,
      "行政管理費": 35000.0,
      "雜支費": 0.0,
      "設備費": 0.0,
      "國外差旅費": 0.0,
      "國內旅費": 0.0,
      "資本門": 0.0,
      "經常門": 0.0
    }
  },
  {
    "name": "11411160 商用雞場感測器之資料探勘與洞見分析",
    "start_date": "2025-04-01",
    "end_date": "2026-03-31",
    "categories": {
      "人事費": 168000.0,
      "業務費": 12000.0,
      "行政管理費": 20000.0,
      "雜支費": 0.0,
      "設備費": 200000.0,
      "國外差旅費": 0.0,
      "國內旅費": 0.0,
      "資本門": 0.0,
      "經常門": 0.0
    }
  },
  {
    "name": "大三材料費",
    "start_date": "2025-05-06",
    "end_date": "2025-10-30",
    "categories": {
      "人事費": 0.0,
      "業務費": 0.0,
      "行政管理費": 0.0,
      "雜支費": 0.0,
      "設備費": 0.0,
      "國外差旅費": 0.0,
      "國內旅費": 0.0,
      "資本門": 0.0,
      "經常門": 6000.0
    }
  },
  {
    "name": "黃晁瑋 資本門",
    "start_date": "2025-05-06",
    "end_date": "2025-06-30",
    "categories": {
      "人事費": 0.0,
      "業務費": 0.0,
      "行政管理費": 0.0,
      "雜支費": 0.0,
      "設備費": 0.0,
      "國外差旅費": 0.0,
      "國內旅費": 0.0,
      "資本門": 65000.0,
      "經常門": 0.0
    }
  },
  {
    "name": "梅瑟瑞材料費",
    "start_date": "2025-05-06",
    "end_date": "2025-06-30",
    "categories": {
      "人事費": 0.0,
      "業務費": 0.0,
      "行政管理費": 0.0,
      "雜支費": 0.0,
      "設備費": 0.0,
      "國外差旅費": 0.0,
      "國內旅費": 0.0,
      "資本門": 0.0,
      "經常門": 6791.0
    }
  },
  {
    "name": "梅瑟瑞指導費",
    "start_date": "2025-05-06",
    "end_date": "2025-06-30",
    "categories": {
      "人事費": 0.0,
      "業務費": 0.0,
      "行政管理費": 0.0,
      "雜支費": 0.0,
      "設備費": 0.0,
      "國外差旅費": 0.0,
      "國內旅費": 0.0,
      "資本門": 0.0,
      "經常門": 18000.0
    }
  }
]