[
  {
    "project": "1132404 智慧農業創新平台: 以多重精準檢測晶片與AI為基礎的跨領域整合研究",
    "category": "行政管理費",
    "amount": 133008.0,
    "note": "行政管理費",
    "date": "2025-05-06"
  },
  {
    "project": "1132404 智慧農業創新平台: 以多重精準檢測晶片與AI為基礎的跨領域整合研究",
    "category": "業務費",
    "amount": 222399.0,
    "note": "先前支出",
    "date": "2025-05-06"
  },
  {
    "project": "1132404 智慧農業創新平台: 以多重精準檢測晶片與AI為基礎的跨領域整合研究",
    "category": "業務費",
    "amount": 99000.0,
    "note": "信德寄款 (正在跑)",
    "date": "2025-05-05"
  },
  {
    "project": "1132404 智慧農業創新平台: 以多重精準檢測晶片與AI為基礎的跨領域整合研究",
    "category": "業務費",
    "amount": 1327.0,
    "note": "東昇 (精液分析材料)",
    "date": "2025-05-05"
  }
]