[
  {
    "project": "1132404 智慧農業創新平台: 以多重精準檢測晶片與AI為基礎的跨領域整合研究",
    "category": "業務費",
    "amount": 72000.0,
    "note": "5、6月研究獎助金",
    "date": "2025-06-20"
  },
  {
    "project": "1132404 智慧農業創新平台: 以多重精準檢測晶片與AI為基礎的跨領域整合研究",
    "category": "業務費",
    "amount": 72000.0,
    "note": "雷文虎克寄款",
    "date": "2025-05-06"
  },
  {
    "project": "1132404 智慧農業創新平台: 以多重精準檢測晶片與AI為基礎的跨領域整合研究",
    "category": "業務費",
    "amount": 45910.0,
    "note": "友和 (精液分析藥品)",
    "date": "2025-05-06"
  },
  {
    "project": "1132404 智慧農業創新平台: 以多重精準檢測晶片與AI為基礎的跨領域整合研究",
    "category": "業務費",
    "amount": 149000.0,
    "note": "尚德(預計利用耗材核銷藥品貴與純水機)",
    "date": "2025-05-06"
  },
  {
    "project": "1132404 智慧農業創新平台: 以多重精準檢測晶片與AI為基礎的跨領域整合研究",
    "category": "業務費",
    "amount": 40000.0,
    "note": "聽診器組*8",
    "date": "2025-05-06"
  },
  {
    "project": "1132404 智慧農業創新平台: 以多重精準檢測晶片與AI為基礎的跨領域整合研究",
    "category": "業務費",
    "amount": 27800.0,
    "note": "艾丁陞熱像儀",
    "date": "2025-05-06"
  },
  {
    "project": "1132404 智慧農業創新平台: 以多重精準檢測晶片與AI為基礎的跨領域整合研究",
    "category": "業務費",
    "amount": 149000.0,
    "note": "海立克(預計利用耗材核銷顯微鏡)",
    "date": "2025-05-06"
  }
]